<wms>
  <id>wms</id>
  <enabled>true</enabled>
  <name>My GeoServer WMS</name>
  <title>GeoNode Local GeoServer</title>
  <maintainer>http://jira.codehaus.org/secure/BrowseProject.jspa?id=10311</maintainer>
  <abstrct>This is a description of your Web Map Server.</abstrct>
  <accessConstraints>NONE</accessConstraints>
  <fees>NONE</fees>
  <versions>
    <org.geotools.util.Version>
      <version>1.1.1</version>
    </org.geotools.util.Version>
    <org.geotools.util.Version>
      <version>1.3.0</version>
    </org.geotools.util.Version>
  </versions>
  <keywords>
    <string>WFS</string>
    <string>WMS</string>
    <string>GEOSERVER</string>
  </keywords>
  <metadataLink/>
  <citeCompliant>false</citeCompliant>
  <onlineResource>http://geoserver.sourceforge.net/html/index.php</onlineResource>
  <schemaBaseURL>http://schemas.opengis.net</schemaBaseURL>
  <verbose>false</verbose>
  <metadata>
    <entry key="kmlSuperoverlayMode">auto</entry>
    <entry key="kmlReflectorMode">refresh</entry>
    <entry key="loopContinuously">false</entry>
    <entry key="svgAntiAlias">true</entry>
    <entry key="kmlPlacemark">false</entry>
    <entry key="kmlKmscore">40</entry>
    <entry key="mapWrapping">true</entry>
    <entry key="maxAnimatorRenderingTime">300</entry>
    <entry key="pngCompression">25</entry>
    <entry key="jpegCompression">25</entry>
    <entry key="advancedProjectionHandling">true</entry>
    <entry key="maxAllowedFrames">600000</entry>
    <entry key="kmlAttr">true</entry>
    <entry key="svgRenderer">Batik</entry>
    <entry key="disposalMethod">none</entry>
    <entry key="maxRenderingSize">600000</entry>
    <entry key="scalehintMapunitsPixel">false</entry>
    <entry key="framesDelay">1000</entry>
  </metadata>
  <srs>
    <string>4326</string>
    <string>3785</string>
    <string>3857</string>
    <string>900913</string>
    <string>32647</string>
    <string>32736</string>
  </srs>
  <bboxForEachCRS>true</bboxForEachCRS>
  <watermark>
    <enabled>false</enabled>
    <position>BOT_RIGHT</position>
    <transparency>0</transparency>
  </watermark>
  <interpolation>Nearest</interpolation>
  <getFeatureInfoMimeTypeCheckingEnabled>false</getFeatureInfoMimeTypeCheckingEnabled>
  <getMapMimeTypeCheckingEnabled>false</getMapMimeTypeCheckingEnabled>
  <dynamicStylingDisabled>false</dynamicStylingDisabled>
  <maxBuffer>25</maxBuffer>
  <maxRequestMemory>65536</maxRequestMemory>
  <maxRenderingTime>60</maxRenderingTime>
  <maxRenderingErrors>1000</maxRenderingErrors>
</wms>